{"cameraMode":{"drawMode":0,"name":"Shaded","section":"Shading Mode"},"sceneLighting":true,"audioPlay":false,"sceneViewState":{"m_AlwaysRefresh":false,"showFog":true,"showSkybox":true,"showFlares":true,"showImageEffects":true,"showParticleSystems":true,"showVisualEffectGraphs":true,"m_FxEnabled":true},"in2DMode":false,"pivot":{"x":16.679208755493165,"y":2.2251455783843996,"z":20.139812469482423},"rotation":{"x":0.0371774397790432,"y":0.9622214436531067,"z":-0.17061129212379456,"w":0.2093057483434677},"size":2.589257001876831,"orthographic":false}